price;bedrooms;bathrooms;sqft_living;sqft_lot;floors;waterfront;view;condition;sqft_above;sqft_basement;yr_built;yr_renovated;street;city;statezip;country;kelayakan
313000.0;3.0;1.5;1340;7912;1.5;0;0;3;1340;0;1955;2005;18810 Densmore Ave N;Shoreline;WA 98133;USA;Tidak Layak
2384000.0;5.0;2.5;3650;9050;2.0;0;4;5;3370;280;1921;0;709 W Blaine St;Seattle;WA 98119;USA;Layak
342000.0;3.0;2.0;1930;11947;1.0;0;0;4;1930;0;1966;0;26206-26214 143rd Ave SE;Kent;WA 98042;USA;Tidak Layak
420000.0;3.0;2.25;2000;8030;1.0;0;0;4;1000;1000;1963;0;857 170th Pl NE;Bellevue;WA 98008;USA;Tidak Layak
550000.0;4.0;2.5;1940;10500;1.0;0;0;4;1140;800;1976;1992;9105 170th Ave NE;Redmond;WA 98052;USA;Tidak Layak
490000.0;2.0;1.0;880;6380;1.0;0;0;3;880;0;1938;1994;522 NE 88th St;Seattle;WA 98115;USA;Tidak Layak
335000.0;2.0;2.0;1350;2560;1.0;0;0;3;1350;0;1976;0;2616 174th Ave NE;Redmond;WA 98052;USA;Tidak Layak
482000.0;4.0;2.5;2710;35868;2.0;0;0;3;2710;0;1989;0;23762 SE 253rd Pl;Maple Valley;WA 98038;USA;Tidak Layak
452500.0;3.0;2.5;2430;88426;1.0;0;0;4;1570;860;1985;0;46611-46625 SE 129th St;North Bend;WA 98045;USA;Tidak Layak
640000.0;4.0;2.0;1520;6200;1.5;0;0;3;1520;0;1945;2010;6811 55th Ave NE;Seattle;WA 98115;USA;Tidak Layak
463000.0;3.0;1.75;1710;7320;1.0;0;0;3;1710;0;1948;1994;Burke-Gilman Trail;Lake Forest Park;WA 98155;USA;Tidak Layak
1400000.0;4.0;2.5;2920;4000;1.5;0;0;5;1910;1010;1909;1988;3838-4098 44th Ave NE;Seattle;WA 98105;USA;Tidak Layak
588500.0;3.0;1.75;2330;14892;1.0;0;0;3;1970;360;1980;0;1833 220th Pl NE;Sammamish;WA 98074;USA;Tidak Layak
365000.0;3.0;1.0;1090;6435;1.0;0;0;4;1090;0;1955;2009;2504 SW Portland Ct;Seattle;WA 98106;USA;Tidak Layak
1200000.0;5.0;2.75;2910;9480;1.5;0;0;3;2910;0;1939;1969;3534 46th Ave NE;Seattle;WA 98105;USA;Tidak Layak
242500.0;3.0;1.5;1200;9720;1.0;0;0;4;1200;0;1965;0;14034 SE 201st St;Kent;WA 98042;USA;Tidak Layak
419000.0;3.0;1.5;1570;6700;1.0;0;0;4;1570;0;1956;0;15424 SE 9th St;Bellevue;WA 98007;USA;Tidak Layak
367500.0;4.0;3.0;3110;7231;2.0;0;0;3;3110;0;1997;0;11224 SE 306th Pl;Auburn;WA 98092;USA;Tidak Layak
257950.0;3.0;1.75;1370;5858;1.0;0;0;3;1370;0;1987;2000;1605 S 245th Pl;Des Moines;WA 98198;USA;Tidak Layak
275000.0;3.0;1.5;1180;10277;1.0;0;0;3;1180;0;1983;2009;12425 415th Ave SE;North Bend;WA 98045;USA;Tidak Layak
750000.0;3.0;1.75;2240;10578;2.0;0;0;5;1550;690;1923;0;3225 NE 92nd St;Seattle;WA 98115;USA;Tidak Layak
435000.0;4.0;1.0;1450;8800;1.0;0;0;4;1450;0;1954;1979;3922 154th Ave SE;Bellevue;WA 98006;USA;Tidak Layak
626000.0;3.0;2.25;1750;1572;2.5;0;0;3;1470;280;2005;0;3140 Franklin Ave E;Seattle;WA 98102;USA;Tidak Layak
612500.0;4.0;2.5;2730;12261;2.0;0;0;3;2730;0;1991;0;10212 NE 156th Pl;Bothell;WA 98011;USA;Tidak Layak
495000.0;4.0;1.75;1600;6380;1.0;0;0;3;1130;470;1959;1989;2021 NE 100th St;Seattle;WA 98125;USA;Tidak Layak
285000.0;3.0;2.5;2090;10834;1.0;0;0;4;1360;730;1987;0;27736 23rd Avenue South;Federal Way;WA 98003;USA;Tidak Layak
615000.0;3.0;1.75;2360;7291;1.0;0;0;4;1360;1000;1948;0;8436-8438 41st Ave SW;Seattle;WA 98136;USA;Tidak Layak
698000.0;4.0;2.25;2200;11250;1.5;0;0;5;1300;900;1920;0;1036 4th St;Kirkland;WA 98033;USA;Tidak Layak
675000.0;5.0;2.5;2820;67518;2.0;0;0;3;2820;0;1979;2014;23525 SE 32nd Way;Issaquah;WA 98029;USA;Tidak Layak
790000.0;3.0;2.5;2600;4750;1.0;0;0;4;1700;900;1951;1999;3314 NW 75th St;Seattle;WA 98117;USA;Tidak Layak
382500.0;4.0;1.75;1560;8700;1.0;0;0;4;1560;0;1967;0;14104 119th Ave NE;Kirkland;WA 98034;USA;Tidak Layak
499950.0;4.0;2.5;2860;3345;2.0;0;0;3;2190;670;2004;2003;20120 137th Ave NE;Woodinville;WA 98072;USA;Tidak Layak
650000.0;4.0;2.0;1820;5000;1.5;0;1;3;1640;180;1945;2010;7201-7399 55th Ave NE;Seattle;WA 98115;USA;Layak
625000.0;4.0;2.5;2820;8408;2.0;0;0;3;2820;0;2014;0;17052 4th Ave NE;Shoreline;WA 98155;USA;Tidak Layak
400000.0;4.0;2.5;3630;42884;1.5;0;0;3;2300;1330;1979;2014;5172-5198 Heather Ave SE;Auburn;WA 98092;USA;Tidak Layak
604000.0;3.0;2.5;3240;33151;2.0;0;2;3;3240;0;1995;0;30822 36th Ct SW;Federal Way;WA 98023;USA;Layak
440000.0;2.0;1.0;800;4850;1.0;0;0;4;800;0;1944;0;4801-4899 6th Ave NW;Seattle;WA 98107;USA;Tidak Layak
287200.0;3.0;3.0;1850;19966;1.0;0;0;4;1090;760;1992;0;23017 SE 281st Ct;Maple Valley;WA 98038;USA;Tidak Layak
403000.0;3.0;2.0;1960;13100;1.0;0;2;5;1650;310;1957;0;17825 4th Ave SW;Normandy Park;WA 98166;USA;Layak
750000.0;3.0;2.5;2390;6550;1.0;0;2;4;1440;950;1955;2009;3628 59th Ave SW;Seattle;WA 98116;USA;Layak
335000.0;3.0;2.25;1580;16215;1.0;0;0;4;1580;0;1978;2000;4460 332nd Ave SE;Fall City;WA 98024;USA;Tidak Layak
260000.0;4.0;2.0;1480;8625;1.0;0;0;4;1480;0;1974;0;2019 Aberdeen Pl SE;Renton;WA 98055;USA;Tidak Layak
308500.0;2.0;1.0;850;6174;1.0;0;0;4;850;0;1950;1983;121 NE 147th St;Shoreline;WA 98155;USA;Tidak Layak
439950.0;3.0;2.5;1770;2875;2.0;0;0;3;1770;0;1990;2009;4458 51st Ave SW;Seattle;WA 98116;USA;Tidak Layak
235000.0;2.0;1.0;1210;9400;1.0;0;0;2;1210;0;1949;0;7542 21st Ave SW;Seattle;WA 98106;USA;Tidak Layak
315000.0;3.0;1.0;1160;9180;1.0;0;0;3;1160;0;1968;1997;15804 198th Pl NE;Woodinville;WA 98077;USA;Tidak Layak
437500.0;3.0;2.25;1970;35100;2.0;0;0;4;1970;0;1977;0;26069 SE 154th St;Issaquah;WA 98027;USA;Tidak Layak
407500.0;3.0;2.5;1930;10460;2.0;0;0;3;1930;0;1996;0;4314 NE 6th Pl;Renton;WA 98059;USA;Tidak Layak
445700.0;3.0;2.5;1270;1180;3.0;0;0;3;1270;0;2001;0;2640 NW 56th St;Seattle;WA 98107;USA;Tidak Layak
838000.0;4.0;2.5;3310;42998;2.0;0;0;3;3310;0;2001;0;15712 NE 136th Pl;Redmond;WA 98052;USA;Tidak Layak
630000.0;4.0;2.75;2710;37277;2.0;0;0;3;2710;0;2000;0;26429 SE 154th Pl;Issaquah;WA 98027;USA;Tidak Layak
550000.0;3.0;1.75;2910;35200;1.5;0;0;3;2910;0;1979;2014;3923 229th Pl SE;Sammamish;WA 98075;USA;Tidak Layak
805000.0;3.0;2.0;2710;4500;1.5;0;0;4;1880;830;1929;0;6222 30th Ave NE;Seattle;WA 98115;USA;Tidak Layak
284000.0;3.0;1.75;1800;23103;1.0;0;0;3;1800;0;1968;1997;32418 NE 50th St;Carnation;WA 98014;USA;Tidak Layak
470000.0;5.0;2.5;2210;9655;1.0;0;0;3;1460;750;1976;0;19334 89th Ave NE;Bothell;WA 98011;USA;Tidak Layak
430000.0;4.0;1.5;1920;10000;1.0;0;0;4;1070;850;1954;1979;4071 156th Ave SE;Bellevue;WA 98006;USA;Tidak Layak
491500.0;4.0;1.75;2190;125452;1.0;0;2;3;2190;0;1968;1997;36850 204th Ave SE;Auburn;WA 98092;USA;Layak
785000.0;5.0;3.25;3660;11995;2.0;0;2;3;3660;0;2006;0;7425 Snowberry Ave SE;Snoqualmie;WA 98065;USA;Layak
385000.0;3.0;3.25;1320;1327;2.0;0;0;3;1040;280;2008;0;3400 21st Ave W;Seattle;WA 98199;USA;Tidak Layak
295000.0;2.0;2.5;1630;1368;2.0;0;0;3;1280;350;2009;0;5944-6082 Delridge Way SW;Seattle;WA 98106;USA;Tidak Layak
555000.0;4.0;2.5;3310;6500;2.0;0;0;3;3310;0;2012;1912;35229 SE Terrace St;Snoqualmie;WA 98065;USA;Tidak Layak
459990.0;3.0;2.5;2680;5539;2.0;0;0;3;2680;0;2013;1923;13800 453rd Ave SE;North Bend;WA 98045;USA;Tidak Layak
625000.0;4.0;3.25;2730;54014;1.0;0;0;3;1560;1170;2007;0;9927 174th Ave SE;Renton;WA 98059;USA;Tidak Layak
300000.0;3.0;2.5;2540;5050;2.0;0;0;3;2540;0;2006;0;29734 215th Terrace SE;Kent;WA 98042;USA;Tidak Layak
625000.0;4.0;2.75;2920;6605;2.0;0;0;3;2920;0;2012;1912;5608 NE 5th Cir;Renton;WA 98059;USA;Tidak Layak
553000.0;2.0;1.0;900;5000;1.0;0;0;3;900;0;1944;0;8053 29th Ave NW;Seattle;WA 98117;USA;Tidak Layak
379880.0;3.0;2.5;1650;14054;1.0;0;0;4;1130;520;1986;0;13256 242nd Pl SE;Issaquah;WA 98027;USA;Tidak Layak
310000.0;3.0;1.0;1010;9945;1.0;0;0;4;1010;0;1973;0;7528 N Fork Rd SE;Snoqualmie;WA 98065;USA;Tidak Layak
775000.0;2.0;2.5;2680;7392;1.0;0;0;3;2680;0;2004;2003;13134 234th Ct NE;Redmond;WA 98053;USA;Tidak Layak
365000.0;3.0;2.5;2200;7350;1.0;0;0;5;1570;630;1988;0;13420 SE 182nd St;Renton;WA 98058;USA;Tidak Layak
331950.0;4.0;2.5;2530;9933;2.0;0;2;3;2010;520;1990;2009;925 48th Ct;Auburn;WA 98092;USA;Layak
783500.0;3.0;2.5;2850;7130;2.0;0;0;3;1990;860;1980;0;151 Euclid Ave;Seattle;WA 98122;USA;Tidak Layak
628000.0;4.0;2.0;2280;6010;1.0;0;0;3;1140;1140;1900;2005;205-206 Euclid Ave;Seattle;WA 98122;USA;Tidak Layak
560000.0;3.0;2.5;1900;8744;2.0;0;0;3;1900;0;1987;2000;22314 NE 11th Pl;Sammamish;WA 98074;USA;Tidak Layak
900000.0;3.0;1.0;1330;77972;1.0;0;0;3;1330;0;1928;1954;13615 NE 100th St;Kirkland;WA 98033;USA;Tidak Layak
531000.0;2.0;3.0;1270;1175;2.0;0;0;3;1110;160;2000;0;1411 N 48th St;Seattle;WA 98103;USA;Tidak Layak
831000.0;4.0;3.0;2170;4000;2.0;0;0;4;1610;560;1982;2011;120 31st Ave E;Seattle;WA 98112;USA;Tidak Layak
780000.0;4.0;2.5;2730;10281;2.0;0;2;3;2730;0;1996;0;23140 NE 14th Ct;Sammamish;WA 98074;USA;Layak
755000.0;4.0;2.5;2120;10202;1.0;0;0;4;1620;500;1960;2001;12645 SE 27th St;Bellevue;WA 98005;USA;Tidak Layak
705380.0;3.0;2.5;2490;4343;2.0;0;0;3;2490;0;2003;0;3187 NE Larkspur Ln;Issaquah;WA 98029;USA;Tidak Layak
627000.0;4.0;2.25;1990;7712;1.0;0;0;3;1210;780;1973;2013;18915 SE 42nd Pl;Issaquah;WA 98027;USA;Tidak Layak
865000.0;4.0;3.0;3690;9892;2.0;0;0;3;3690;0;1998;2006;1765 267th Ct SE;Sammamish;WA 98075;USA;Tidak Layak
580000.0;2.0;1.0;2540;7000;1.0;0;0;5;1320;1220;1942;0;8624 Island Dr S;Seattle;WA 98118;USA;Tidak Layak
410000.0;3.0;2.25;1800;36704;1.0;0;0;4;1360;440;1978;2000;24502 SE Mirrormont Dr;Issaquah;WA 98027;USA;Tidak Layak
485000.0;4.0;3.0;2340;7048;1.0;0;0;4;1340;1000;1979;0;14319 85th Pl NE;Kirkland;WA 98034;USA;Tidak Layak
400000.0;2.0;1.75;2110;9519;1.0;0;0;2;2110;0;1948;0;2120 NE 168th St;Shoreline;WA 98155;USA;Tidak Layak
549000.0;2.0;1.0;1140;5400;1.0;0;0;5;1140;0;1908;0;209 30th Ave E;Seattle;WA 98112;USA;Tidak Layak
620000.0;3.0;1.75;1480;2185;2.5;0;0;3;1480;0;2005;0;10512 128th Ave NE;Kirkland;WA 98033;USA;Tidak Layak
405000.0;2.0;3.0;1410;1240;2.0;0;0;3;1140;270;2006;0;9126 45th Ave SW;Seattle;WA 98136;USA;Tidak Layak
232000.0;2.0;1.0;1200;8063;1.0;0;0;4;1200;0;1958;1972;20220 8th Ave S;Des Moines;WA 98198;USA;Tidak Layak
800866.0;5.0;2.5;3180;13806;2.0;0;0;4;3180;0;1990;0;11821 NE 48th Pl;Kirkland;WA 98033;USA;Tidak Layak
650000.0;3.0;1.5;2160;9000;1.0;0;2;4;1400;760;1949;1985;13026 10th Ave NW;Seattle;WA 98177;USA;Layak
823000.0;6.0;1.75;2920;5000;2.5;0;0;4;2780;140;1908;0;125 29th Ave;Seattle;WA 98122;USA;Tidak Layak
770000.0;3.0;2.0;2350;5700;1.5;0;0;4;1810;540;1939;1989;2171 Boyer Ave E;Seattle;WA 98112;USA;Tidak Layak
524000.0;3.0;1.75;1560;5520;1.0;0;0;4;780;780;1944;0;3434 33rd Ave W;Seattle;WA 98199;USA;Tidak Layak
541125.0;5.0;2.75;2740;8426;1.0;0;0;4;1370;1370;1960;2001;5211 116th Pl SE;Bellevue;WA 98006;USA;Tidak Layak
670000.0;3.0;2.5;1680;2000;3.0;0;0;3;1680;0;1909;1998;3503 NE 44th St;Seattle;WA 98105;USA;Tidak Layak
384900.0;5.0;2.5;3090;12750;1.0;0;0;3;1750;1340;1968;1997;114 SW 292nd St;Federal Way;WA 98023;USA;Tidak Layak
406100.0;3.0;2.25;1410;1332;3.0;0;0;3;1410;0;2005;0;8536 Interlake Ave N;Seattle;WA 98103;USA;Tidak Layak
1395000.0;5.0;3.5;4010;8510;2.0;0;1;5;2850;1160;1971;0;3930 NE Belvoir Pl;Seattle;WA 98105;USA;Layak
736500.0;4.0;2.5;3180;21904;2.0;0;3;3;3180;0;2000;0;17132 SE 100th St;Renton;WA 98059;USA;Layak
570000.0;3.0;2.25;2010;6000;1.0;0;0;3;1330;680;1975;0;10204 168th Pl NE;Redmond;WA 98052;USA;Tidak Layak
787000.0;3.0;1.75;1330;7500;1.0;0;0;3;1330;0;1961;2004;218 109th Ave SE;Bellevue;WA 98004;USA;Tidak Layak
328000.0;4.0;2.5;2370;6500;2.0;0;0;3;2370;0;1998;2006;12621 SE 300th Way;Auburn;WA 98092;USA;Tidak Layak
435000.0;5.0;2.0;1840;9240;1.0;0;0;4;1540;300;1942;1958;14013 Ashworth Ave N;Seattle;WA 98133;USA;Tidak Layak
499000.0;4.0;2.5;2910;6479;2.0;0;0;3;2910;0;2006;0;34010 SE Sorenson St;Snoqualmie;WA 98065;USA;Tidak Layak
501000.0;4.0;1.0;2070;7519;1.0;0;0;3;1160;910;1963;2008;2506 166th Ave NE;Bellevue;WA 98008;USA;Tidak Layak
1090000.0;4.0;2.5;4340;141570;2.5;0;0;3;4340;0;1992;0;8814 218th Ave NE;Redmond;WA 98053;USA;Tidak Layak
400000.0;2.0;1.0;840;5510;1.0;0;0;3;840;0;1955;2005;4515 SW Trenton St;Seattle;WA 98136;USA;Tidak Layak
220000.0;4.0;1.5;1240;9600;1.0;0;0;3;1240;0;1971;0;4924 SW 314th Pl;Federal Way;WA 98023;USA;Tidak Layak
657100.0;4.0;1.0;1390;4240;1.0;0;0;3;1050;340;1924;2011;4312 Woodlawn Ave N;Seattle;WA 98103;USA;Tidak Layak
309950.0;4.0;2.75;2310;5000;2.0;0;0;3;2310;0;2006;0;22912 SE 268th Pl;Maple Valley;WA 98038;USA;Tidak Layak
300000.0;3.0;2.0;1050;10072;1.0;0;0;3;1050;0;1986;0;27106 NE Miller St;Duvall;WA 98019;USA;Tidak Layak
525888.0;5.0;1.75;2550;71874;1.0;0;0;5;1810;740;1960;0;13129 195th Pl SE;Issaquah;WA 98027;USA;Tidak Layak
740000.0;4.0;1.75;2010;3600;1.5;0;0;3;2010;0;1902;0;1014 W Garfield St;Seattle;WA 98119;USA;Tidak Layak
340000.0;5.0;1.0;1120;9022;1.5;0;0;4;1120;0;1962;0;14150 75th Ave NE;Kirkland;WA 98034;USA;Tidak Layak
398750.0;3.0;2.5;2230;4000;2.0;0;0;3;2230;0;1954;2005;2601 21st Ave S;Seattle;WA 98144;USA;Tidak Layak
206000.0;2.0;1.0;810;7158;1.0;0;0;5;810;0;1944;0;12807 7th Ave S;Burien;WA 98168;USA;Tidak Layak
1030000.0;5.0;2.75;3190;16920;1.0;0;3;3;1690;1500;1976;0;4529 135th Ave SE;Bellevue;WA 98006;USA;Layak
600000.0;3.0;1.75;1670;39639;1.0;0;0;4;1670;0;1976;1992;1804 E Beaver Lake Dr SE;Sammamish;WA 98075;USA;Tidak Layak
379950.0;4.0;1.75;1970;9389;1.0;0;0;5;1140;830;1960;0;1701 N 204th Pl;Shoreline;WA 98133;USA;Tidak Layak
287000.0;3.0;1.0;1450;6000;1.0;0;0;4;1450;0;1953;1983;8681 Beacon Ave S;Seattle;WA 98118;USA;Tidak Layak
2280000.0;7.0;8.0;13540;307752;3.0;0;4;3;9410;4130;1999;0;26408 NE 70th St;Redmond;WA 98053;USA;Layak
309950.0;3.0;2.5;1880;7838;2.0;0;0;3;1880;0;1994;0;17717 113th Pl SE;Renton;WA 98055;USA;Tidak Layak
600000.0;3.0;1.75;1880;6360;1.0;0;0;4;1040;840;1945;0;8040 39th Ave NE;Seattle;WA 98115;USA;Tidak Layak
418000.0;3.0;2.0;1410;6030;1.5;0;0;4;1410;0;1930;0;901 N 97th St;Seattle;WA 98103;USA;Tidak Layak
449250.0;4.0;2.0;1480;3844;1.5;0;0;5;1480;0;1928;1970;519 N 104th St;Seattle;WA 98133;USA;Tidak Layak
329950.0;2.0;1.0;1140;5250;1.5;0;0;4;1140;0;1949;1985;14017 Roslyn Pl N;Seattle;WA 98133;USA;Tidak Layak
245000.0;3.0;1.75;1920;9306;1.0;0;0;3;1000;920;1984;0;30001-30021 55th Pl S;Auburn;WA 98001;USA;Tidak Layak
549000.0;4.0;2.5;2910;6338;2.0;0;0;3;2910;0;2008;0;16026 SE 137th Terrace;Renton;WA 98059;USA;Tidak Layak
800000.0;3.0;2.5;3240;7857;2.0;0;0;3;3240;0;1994;0;22721-22727 SE 27th St;Sammamish;WA 98075;USA;Tidak Layak
249950.0;3.0;2.0;1550;15040;1.0;0;0;4;1550;0;1958;1972;18027 SE 128th St;Renton;WA 98059;USA;Tidak Layak
210000.0;5.0;2.0;2050;10200;1.0;0;0;3;1430;620;1956;2001;20927-20999 2nd Ave S;Des Moines;WA 98198;USA;Tidak Layak
1425000.0;2.0;2.5;2220;4000;2.0;0;0;3;2220;0;2000;0;1857 41st Ave E;Seattle;WA 98112;USA;Tidak Layak
585000.0;2.0;1.0;1770;8640;1.5;0;0;3;1520;250;1949;1998;353 NW 88th St;Seattle;WA 98117;USA;Tidak Layak
615000.0;4.0;1.75;2300;11700;1.0;0;0;4;1960;340;1977;0;18427 NE 26th Way;Redmond;WA 98052;USA;Tidak Layak
618500.0;3.0;2.0;1800;5000;1.0;0;0;4;1080;720;1942;1982;2803 NE 62nd St;Seattle;WA 98115;USA;Tidak Layak
487585.0;4.0;1.75;2010;9211;1.0;0;0;3;1470;540;1977;2004;13313 127th Pl NE;Kirkland;WA 98034;USA;Tidak Layak
509900.0;3.0;2.5;1790;2700;2.0;0;0;3;1790;0;2010;0;4532 185th Ave SE;Issaquah;WA 98027;USA;Tidak Layak
631625.0;4.0;2.5;2440;6651;2.0;0;0;3;2440;0;2014;0;9288-9358 Holman Rd NW;Seattle;WA 98117;USA;Tidak Layak
555000.0;3.0;2.5;1940;3211;2.0;0;0;3;1940;0;2009;0;4509 185th Ave SE;Issaquah;WA 98027;USA;Tidak Layak
340000.0;2.0;1.5;1160;1438;2.0;0;0;3;1160;0;2001;0;1318 29th Ave S;Seattle;WA 98144;USA;Tidak Layak
830000.0;4.0;2.5;3400;9692;2.0;0;0;3;3400;0;2007;0;12001 173rd Pl NE;Redmond;WA 98052;USA;Tidak Layak
890000.0;4.0;4.25;4420;5750;2.0;0;0;3;3410;1010;2006;0;842 Summerhill Ridge Dr NW;Issaquah;WA 98027;USA;Tidak Layak
366750.0;3.0;3.0;1571;2017;3.0;0;0;3;1571;0;2008;0;14359 19th Ave NE;Seattle;WA 98125;USA;Tidak Layak
415000.0;3.0;2.25;1620;998;2.5;0;0;3;1540;80;2010;0;935 4th Ave NE;Issaquah;WA 98029;USA;Tidak Layak
416286.0;3.0;2.5;1408;989;3.0;0;0;3;1408;0;2005;0;7809 12th Ave NE;Seattle;WA 98115;USA;Tidak Layak
478000.0;3.0;2.5;3040;4535;2.0;0;0;3;3040;0;2007;0;2027 Ferndale Ave NE;Renton;WA 98056;USA;Tidak Layak
890000.0;5.0;3.5;4490;6000;2.0;0;0;3;3200;1290;2006;0;792 Summerhill Ridge Dr NW;Issaquah;WA 98027;USA;Tidak Layak
419190.0;2.0;2.5;1590;1426;2.0;0;0;3;1590;0;2014;0;1273 NE Hickory Ln;Issaquah;WA 98029;USA;Tidak Layak
712198.0;4.0;2.5;2450;4247;2.0;0;0;3;2450;0;2013;1923;17122 NE 117th St;Redmond;WA 98052;USA;Tidak Layak
397000.0;4.0;2.0;1440;7680;1.0;0;0;3;1200;240;1971;0;10601 NE 138th Pl;Kirkland;WA 98034;USA;Tidak Layak
450000.0;2.0;2.0;1100;3000;1.5;0;0;3;1100;0;1912;2005;412 NW 70th St;Seattle;WA 98117;USA;Tidak Layak
353000.0;3.0;1.0;1350;7740;1.0;0;0;4;860;490;1947;1988;11051 35th Ave NE;Seattle;WA 98125;USA;Tidak Layak
609000.0;4.0;2.5;2150;37981;2.0;0;0;3;2150;0;1985;0;18114 NE 136th St;Redmond;WA 98052;USA;Tidak Layak
234000.0;3.0;1.75;1490;8366;1.0;0;0;4;1010;480;1975;0;25305 151st Pl SE;Covington;WA 98042;USA;Tidak Layak
561000.0;3.0;2.0;2000;7000;2.0;0;0;3;2000;0;1916;1986;6422 Marshall Ave SW;Seattle;WA 98136;USA;Tidak Layak
469000.0;2.0;1.0;1030;4400;1.0;0;0;3;1030;0;1924;2011;310 NW 72nd St;Seattle;WA 98117;USA;Tidak Layak
329350.0;2.0;1.0;720;6687;1.0;0;0;3;720;0;1942;1999;9712 4th Ave NW;Seattle;WA 98117;USA;Tidak Layak
488000.0;5.0;2.0;2020;5000;1.5;0;0;4;2020;0;1938;0;9020-9024 11th Ave NW;Seattle;WA 98117;USA;Tidak Layak
279900.0;3.0;1.75;1580;8151;1.0;0;1;4;1100;480;1962;0;1629 S 261st Pl;Des Moines;WA 98198;USA;Layak
606000.0;4.0;2.5;2110;13850;2.0;0;0;3;2110;0;1987;2000;2755 NW Pine Cone Dr;Issaquah;WA 98027;USA;Tidak Layak
312000.0;4.0;2.0;1300;7054;1.0;0;0;3;1300;0;1950;2013;2815 SW 107th St;Seattle;WA 98146;USA;Tidak Layak
650000.0;3.0;1.5;1630;7475;1.0;0;1;3;1160;470;1940;1996;6009 52nd Ave NE;Seattle;WA 98115;USA;Layak
1135000.0;4.0;2.75;3370;8103;1.0;0;3;3;1970;1400;1970;2014;3922 SW Henderson St;Seattle;WA 98136;USA;Layak
325000.0;4.0;2.5;1890;6156;1.0;0;0;3;980;910;1980;0;5631 17th Ave SW;Seattle;WA 98106;USA;Tidak Layak
425000.0;4.0;2.0;1520;7983;1.0;0;0;5;1520;0;1967;0;14876 Juanita Woodinville Way NE;Inglewood-Finn Hill;WA 98034;USA;Tidak Layak
219000.0;2.0;1.0;900;5160;1.0;0;0;3;900;0;1952;2008;8652 17th Ave SW;Seattle;WA 98106;USA;Tidak Layak
250000.0;3.0;1.0;1050;6874;1.0;0;0;3;1050;0;1954;2005;18305 Dayton Ave N;Shoreline;WA 98133;USA;Tidak Layak
390000.0;3.0;1.75;1260;6500;1.0;0;0;4;1260;0;1966;0;1415 168th Ave NE;Bellevue;WA 98008;USA;Tidak Layak
475000.0;6.0;3.0;3470;117612;1.5;0;0;3;3470;0;1924;2011;19007 80th Ave NE;Kenmore;WA 98028;USA;Tidak Layak
736000.0;4.0;2.5;2290;12047;2.0;0;0;4;2290;0;1988;0;17435 SE 47th St;Bellevue;WA 98006;USA;Tidak Layak
407000.0;4.0;2.25;2810;23400;1.0;0;1;3;1710;1100;1958;2004;23024-23198 17th Ave S;Des Moines;WA 98198;USA;Layak
272000.0;3.0;2.5;1650;13816;2.0;0;0;3;1650;0;1998;2006;32000-32072 NE 55th St;Carnation;WA 98014;USA;Tidak Layak
362000.0;3.0;2.25;1640;14374;1.0;0;0;4;1140;500;1963;0;17253 Ambaum Blvd S;Burien;WA 98148;USA;Tidak Layak
535000.0;3.0;2.5;1850;10109;2.0;0;0;3;1850;0;1991;0;8409 NE 129th Pl;Kirkland;WA 98034;USA;Tidak Layak
284000.0;4.0;2.5;2000;5390;2.0;0;0;3;2000;0;2003;0;25434 160th Ave SE;Kent;WA 98042;USA;Tidak Layak
367500.0;3.0;1.5;1410;9647;1.0;0;0;3;1410;0;1961;2004;18048 3rd Ave NW;Shoreline;WA 98177;USA;Tidak Layak
379900.0;4.0;1.75;1500;11600;1.0;0;0;4;1000;500;1955;2009;15007 75th Ave NE;Kenmore;WA 98028;USA;Tidak Layak
520000.0;3.0;2.5;2460;54885;2.0;0;0;4;2460;0;1980;0;5424 NE 10th St;Renton;WA 98059;USA;Tidak Layak
175000.0;3.0;1.0;1010;7034;1.0;0;0;3;1010;0;1954;2005;207 NW 5th St;Renton;WA 98057;USA;Tidak Layak
460000.0;2.0;2.25;1230;929;2.0;0;0;3;1020;210;2004;2003;100 24th Ave E;Seattle;WA 98112;USA;Tidak Layak
345000.0;4.0;2.5;2331;3826;2.0;0;0;3;2331;0;2007;0;11853 SE 176th Ct;Renton;WA 98058;USA;Tidak Layak
455000.0;5.0;2.5;2240;7770;1.0;0;0;3;1340;900;1978;0;12633 NE 133rd Pl;Kirkland;WA 98034;USA;Tidak Layak
610000.0;4.0;3.0;2450;10117;1.0;0;0;5;1580;870;1967;0;15607 SE 42nd Ct;Bellevue;WA 98006;USA;Tidak Layak
563000.0;4.0;3.0;3100;15480;2.0;0;0;3;2400;700;1996;0;7422 NE 163rd St;Kenmore;WA 98028;USA;Tidak Layak
612500.0;4.0;2.0;2060;5000;1.0;0;0;3;1030;1030;1949;2013;1708 NW 96th St;Seattle;WA 98117;USA;Tidak Layak
218000.0;3.0;1.75;1850;7684;1.0;0;0;3;1320;530;1979;2014;33945 28th Pl SW;Federal Way;WA 98023;USA;Tidak Layak
404000.0;4.0;1.75;1840;10720;1.0;0;0;3;960;880;1958;2004;16020 SE 2nd St;Bellevue;WA 98008;USA;Tidak Layak
860000.0;4.0;2.0;3740;32417;2.0;0;0;3;3740;0;2000;0;24507 NE 77th Pl;Redmond;WA 98053;USA;Tidak Layak
136500.0;3.0;1.5;1420;8580;1.0;0;0;3;1420;0;1962;2003;32827 22nd Ave SW;Federal Way;WA 98023;USA;Tidak Layak
313950.0;3.0;1.0;1510;6083;1.0;0;0;4;860;650;1940;2001;415 NE 94th St;Seattle;WA 98115;USA;Tidak Layak
575000.0;3.0;1.75;2130;6500;1.0;0;2;3;1170;960;1954;2005;2214 W Halladay St;Seattle;WA 98199;USA;Layak
1225000.0;4.0;2.25;3490;6906;2.0;0;0;4;2280;1210;1928;0;2560 39th Ave W;Seattle;WA 98199;USA;Tidak Layak
280000.0;3.0;1.75;1630;11800;1.0;0;0;4;1630;0;1971;0;12525 458th Ave SE;North Bend;WA 98045;USA;Tidak Layak
515000.0;3.0;2.5;1790;7167;2.0;0;0;3;1790;0;1989;0;920 221st Ave NE;Sammamish;WA 98074;USA;Tidak Layak
513000.0;4.0;2.5;2000;5684;2.0;0;0;3;2000;0;1996;0;9041 NE 160th Pl;Kenmore;WA 98028;USA;Tidak Layak
599000.0;4.0;2.25;2260;29930;2.0;0;0;4;1400;860;1977;0;16022 SE 43rd St;Bellevue;WA 98006;USA;Tidak Layak
685000.0;4.0;2.5;3030;7864;2.0;0;0;3;3030;0;1999;0;24201 SE 1st Pl;Sammamish;WA 98074;USA;Tidak Layak
365000.0;3.0;1.5;1310;8160;1.0;0;0;3;1310;0;1950;2005;13714 Ashworth Ave N;Seattle;WA 98133;USA;Tidak Layak
762300.0;4.0;2.5;3880;14550;2.0;0;0;3;3880;0;1987;2000;22344 NE 31st St;Sammamish;WA 98074;USA;Tidak Layak
1580000.0;4.0;3.25;3760;10920;1.5;0;0;5;2400;1360;1950;0;5650 NE 55th St;Seattle;WA 98105;USA;Tidak Layak
562000.0;5.0;2.25;3040;8111;2.0;0;0;3;3040;0;1984;0;17649 NE 129th Pl;Redmond;WA 98052;USA;Tidak Layak
530000.0;5.0;2.5;2910;9636;1.0;0;0;4;1690;1220;1964;0;3250 165th Ave SE;Bellevue;WA 98008;USA;Tidak Layak
525000.0;3.0;2.5;2970;11985;1.0;0;0;3;1770;1200;1995;0;21603 NE 29th St;Sammamish;WA 98074;USA;Tidak Layak
484000.0;2.0;1.75;1660;6000;1.0;0;0;3;1160;500;1942;1999;4711 University View Pl NE;Seattle;WA 98105;USA;Tidak Layak
725126.0;4.0;2.5;3200;12369;2.0;0;0;3;3200;0;1998;2006;14707 SE 84th St;Newcastle;WA 98059;USA;Tidak Layak
360000.0;4.0;2.0;2680;18768;1.0;0;0;5;2680;0;1965;0;31607-31633 44th Ave S;Auburn;WA 98001;USA;Tidak Layak
387000.0;3.0;1.0;1230;9568;1.0;0;0;5;1230;0;1962;0;12116 SE 71st Pl;Newcastle;WA 98056;USA;Tidak Layak
483500.0;4.0;2.5;2740;45732;2.0;0;0;3;2740;0;1995;0;15418 216th Ave NE;Woodinville;WA 98077;USA;Tidak Layak
655500.0;4.0;3.5;3380;8330;2.0;0;0;3;3380;0;2000;0;1703 NW 200th Ln;Shoreline;WA 98177;USA;Tidak Layak
345000.0;3.0;1.0;1110;6250;1.0;0;0;3;1110;0;1956;2001;3230 NE 95th St;Seattle;WA 98115;USA;Tidak Layak
533000.0;5.0;2.75;1800;3780;1.5;0;0;3;1400;400;1926;2003;7434 Winona Ave N;Seattle;WA 98103;USA;Tidak Layak
385000.0;3.0;1.75;1900;5520;1.0;0;0;3;1280;620;1982;0;5215 32nd Ave S;Seattle;WA 98118;USA;Tidak Layak
675000.0;2.0;1.0;930;36478;1.0;0;2;3;930;0;1951;1994;4206 SE Newport Way;Bellevue;WA 98006;USA;Layak
197000.0;3.0;1.75;1690;7735;1.0;0;0;4;1060;630;1976;1992;30020 43rd Pl S;Auburn;WA 98001;USA;Tidak Layak
485000.0;3.0;2.0;1420;4080;1.5;0;0;3;1420;0;1905;2013;720 N 80th St;Seattle;WA 98103;USA;Tidak Layak
1870000.0;5.0;4.0;4510;15175;2.0;0;0;3;4510;0;1969;2002;8300 SE 82nd St;Mercer Island;WA 98040;USA;Tidak Layak
295000.0;3.0;2.25;1980;8000;1.0;0;0;4;1560;420;1974;0;31966 36th Ave SW;Federal Way;WA 98023;USA;Tidak Layak
499000.0;2.0;1.75;1170;2400;1.0;0;0;4;740;430;1903;0;2112 N 50th St;Seattle;WA 98103;USA;Tidak Layak
1050000.0;3.0;2.5;2200;1970;2.0;0;0;3;1610;590;2008;0;2516 Yale Ave E;Seattle;WA 98102;USA;Tidak Layak
191000.0;3.0;1.5;800;8850;1.0;0;0;4;800;0;1959;0;1003 SW 307th St;Federal Way;WA 98023;USA;Tidak Layak
500000.0;3.0;2.5;1480;1171;3.0;0;0;3;1480;0;2006;0;135 25th Ave E;Seattle;WA 98112;USA;Tidak Layak
390000.0;5.0;3.75;2890;5000;1.0;0;0;3;1310;1580;2006;0;3665 Renton Ave S;Seattle;WA 98144;USA;Tidak Layak
979000.0;3.0;2.5;2690;4047;3.0;0;0;3;2690;0;2014;0;7000 23rd Ave NW;Seattle;WA 98117;USA;Tidak Layak
580000.0;4.0;3.25;3569;8327;2.0;0;0;3;3569;0;2013;1923;710 S 23rd St;Renton;WA 98055;USA;Tidak Layak
369950.0;3.0;2.0;1270;1320;3.0;0;0;3;1270;0;2006;0;8846 Midvale Ave N;Seattle;WA 98103;USA;Tidak Layak
1800000.0;5.0;5.0;4490;10279;2.0;0;0;3;3930;560;2013;1923;1435 104th Ave SE;Bellevue;WA 98004;USA;Tidak Layak
776000.0;4.0;2.5;3040;6425;2.0;0;0;3;3040;0;2008;0;16775 NE 86th Ct;Redmond;WA 98052;USA;Tidak Layak
519950.0;3.0;2.25;1170;1249;3.0;0;0;3;1170;0;2014;0;1749 NW 60th St;Seattle;WA 98107;USA;Tidak Layak
255000.0;5.0;2.25;2060;8632;1.0;0;0;3;1030;1030;1962;2003;105 SW 129th St;Burien;WA 98146;USA;Tidak Layak
495000.0;3.0;1.0;990;6000;1.0;0;0;3;990;0;1943;2002;5628 NE 59th St;Seattle;WA 98105;USA;Tidak Layak
510000.0;4.0;2.5;2430;5203;2.0;0;0;3;2430;0;2003;0;1028 NE 153rd Ct;Shoreline;WA 98155;USA;Tidak Layak
1150000.0;4.0;4.0;4460;103382;2.0;0;0;3;4460;0;2001;0;25823 NE 30th Ct;Redmond;WA 98053;USA;Tidak Layak
253000.0;3.0;1.75;1250;10122;1.0;0;0;3;1250;0;1994;0;25502 Kanasket Dr;Black Diamond;WA 98010;USA;Tidak Layak
503000.0;3.0;2.75;1540;6760;1.0;0;0;5;1210;330;1980;0;9626 NE 129th Pl;Kirkland;WA 98034;USA;Tidak Layak
275000.0;3.0;2.5;1600;7000;2.0;0;0;4;1600;0;1993;0;21326 SE 277th Pl;Maple Valley;WA 98038;USA;Tidak Layak
249000.0;3.0;1.0;1110;8423;1.0;0;0;3;1110;0;1952;2008;14613 6th Ave SW;Burien;WA 98166;USA;Tidak Layak
310000.0;3.0;1.75;1840;10723;1.0;0;0;4;1220;620;1974;0;19313 140th Pl SE;Renton;WA 98058;USA;Tidak Layak
750000.0;3.0;2.75;2520;5401;1.0;0;0;4;1360;1160;1946;1989;2806 13th Ave W;Seattle;WA 98119;USA;Tidak Layak
630000.0;3.0;2.5;2680;327135;2.0;0;0;3;2680;0;1995;0;25339 SE 248th St;Ravensdale;WA 98051;USA;Tidak Layak
599999.0;9.0;4.5;3830;6988;2.5;0;0;3;2450;1380;1938;2003;8809 Densmore Ave N;Seattle;WA 98103;USA;Tidak Layak
758000.0;4.0;2.75;2410;9549;1.0;0;0;4;1780;630;1956;0;10627 NE 45th St;Kirkland;WA 98033;USA;Tidak Layak
248500.0;4.0;1.75;1720;10018;1.0;0;0;5;1720;0;1960;0;16635 SE 268th St;Covington;WA 98042;USA;Tidak Layak
310000.0;3.0;1.75;2070;37904;1.0;0;0;4;1420;650;1973;0;19654 116th Ave SE;Kent;WA 98031;USA;Tidak Layak
460000.0;3.0;2.0;1760;9055;2.0;0;0;4;1760;0;1985;0;5003 159th Ct NE;Redmond;WA 98052;USA;Tidak Layak
675000.0;3.0;1.75;1680;10500;1.0;0;0;4;1680;0;1959;0;4 128th Ave SE;Bellevue;WA 98005;USA;Tidak Layak
526000.0;2.0;2.0;1550;2400;1.5;0;0;4;1550;0;1900;1971;3845 Whitman Ave N;Seattle;WA 98103;USA;Tidak Layak
560000.0;3.0;3.0;4120;60392;2.0;0;2;3;3180;940;1994;0;32223 NE 88th St;Carnation;WA 98014;USA;Layak
415000.0;4.0;3.0;1830;9548;2.0;0;0;3;1830;0;1991;0;15204 88th Ave NE;Bothell;WA 98028;USA;Tidak Layak
246000.0;3.0;1.0;1400;7410;1.0;0;0;3;1400;0;1944;0;624 SW 137th St;Burien;WA 98166;USA;Tidak Layak
314500.0;3.0;1.75;1870;12381;1.0;0;0;4;1870;0;1957;2001;29645 10th Pl S;Federal Way;WA 98003;USA;Tidak Layak
3200000.0;7.0;4.5;6210;8856;2.5;0;2;5;4760;1450;1910;0;1230 Warren Ave N;Seattle;WA 98109;USA;Layak
420000.0;2.0;1.5;1040;3500;1.5;0;0;4;1040;0;1904;0;1713 22nd Ave S;Seattle;WA 98144;USA;Tidak Layak
535000.0;3.0;1.75;2720;149410;1.5;0;0;3;2720;0;1988;2000;33331 NE Lake Joy Rd;Carnation;WA 98014;USA;Tidak Layak
350000.0;3.0;1.0;1010;9360;1.0;0;0;3;1010;0;1981;2013;9703 130th Ave NE;Kirkland;WA 98033;USA;Tidak Layak
515000.0;3.0;1.75;1580;9147;1.0;0;1;4;1210;370;1967;0;234 W Lake Sammamish Pkwy SE;Bellevue;WA 98008;USA;Layak
749950.0;4.0;2.75;2600;6050;2.0;0;0;5;1960;640;1949;0;4140 53rd Ave SW;Seattle;WA 98116;USA;Tidak Layak
230000.0;3.0;2.5;1920;9180;2.0;0;0;3;1920;0;1988;2000;206 Oakesdale Ave SW;Renton;WA 98057;USA;Tidak Layak
568000.0;3.0;2.0;2350;5080;1.5;0;0;3;1780;570;1929;0;5531 Seward Park Ave S;Seattle;WA 98118;USA;Tidak Layak
250000.0;1.0;1.0;1100;4373;1.0;0;0;2;820;280;1947;0;232 SW 154th St;Burien;WA 98166;USA;Tidak Layak
581000.0;4.0;2.0;2510;13695;1.0;0;0;4;1280;1230;1961;2001;11105 126th Ave NE;Kirkland;WA 98033;USA;Tidak Layak
651000.0;3.0;2.5;3240;108366;2.0;0;0;4;3240;0;1991;0;18611 SE 307th Ln;Kent;WA 98042;USA;Tidak Layak
600000.0;3.0;2.5;2460;108900;1.0;0;0;4;1860;600;1977;0;25525 SE 133rd St;Issaquah;WA 98027;USA;Tidak Layak
500000.0;2.0;1.0;1010;3885;1.5;0;0;4;1010;0;1906;1990;331 22nd Ave E;Seattle;WA 98112;USA;Tidak Layak
475000.0;2.0;1.0;820;2723;1.0;0;0;3;820;0;1921;2000;4602 Woodlawn Ave N;Seattle;WA 98103;USA;Tidak Layak
352000.0;5.0;2.5;2420;8560;1.0;0;2;3;1620;800;1978;0;3723 S Chicago St;Seattle;WA 98118;USA;Layak
420000.0;3.0;2.25;1770;8165;2.0;0;0;3;1770;0;1977;2004;12921 79th Pl NE;Kirkland;WA 98034;USA;Tidak Layak
428000.0;2.0;2.0;1350;3900;1.0;0;0;3;1350;0;2003;0;232nd Way;Redmond;WA 98053;USA;Tidak Layak
599000.0;3.0;1.75;1960;4788;1.0;0;0;4;1090;870;1920;0;6253-6299 15th Ave NE;Seattle;WA 98115;USA;Tidak Layak
492000.0;4.0;2.5;3305;16164;1.5;0;0;5;2245;1060;1922;1956;1718 N 175th St;Shoreline;WA 98133;USA;Tidak Layak
630000.0;2.0;2.25;2550;5663;1.0;0;0;3;1720;830;2011;0;1225 N 41st Pl;Renton;WA 98056;USA;Tidak Layak
900000.0;5.0;3.75;4130;226076;2.0;0;0;3;3170;960;1985;0;12809-12907 206th Ave NE;Woodinville;WA 98077;USA;Tidak Layak
1110000.0;4.0;1.5;2310;13300;1.0;0;0;3;1890;420;1950;2005;9724 NE 14th St;Clyde Hill;WA 98004;USA;Tidak Layak
575000.0;4.0;2.0;1650;5000;1.0;0;0;3;1650;0;1955;2005;6708 14th Ave NW;Seattle;WA 98117;USA;Tidak Layak
705000.0;4.0;2.5;2650;4316;1.5;0;0;3;1520;1130;1905;2013;1902 45th Ave SW;Seattle;WA 98116;USA;Tidak Layak
940000.0;4.0;2.25;1890;5940;1.0;0;1;3;1470;420;1963;2008;1234 22nd Ave E;Seattle;WA 98112;USA;Layak
313000.0;3.0;1.75;2190;8000;1.0;0;0;4;2190;0;1967;0;32631 39th Ave SW;Federal Way;WA 98023;USA;Tidak Layak
618080.0;3.0;2.5;2030;6500;2.0;0;0;3;2030;0;1988;2000;4421-4564 186th Ave SE;Issaquah;WA 98027;USA;Tidak Layak
640000.0;3.0;3.0;2270;5175;2.0;0;0;3;2130;140;2002;0;1200 N 27th Pl;Renton;WA 98056;USA;Tidak Layak
485000.0;3.0;2.0;1610;4160;1.0;0;0;4;1010;600;1917;0;4313 SW Willow St;Seattle;WA 98136;USA;Tidak Layak
300000.0;2.0;1.0;760;3001;1.0;0;0;3;760;0;1913;1983;1761 17th Ave S;Seattle;WA 98144;USA;Tidak Layak
379500.0;2.0;1.0;1640;17335;1.0;0;0;3;840;800;1978;0;3301-3389 289th Ave NE;Redmond;WA 98053;USA;Tidak Layak
339950.0;3.0;2.25;1630;12295;2.0;0;0;4;1630;0;1985;0;19501 135th Ave SE;Renton;WA 98058;USA;Tidak Layak
1500000.0;6.0;2.5;3560;6480;2.5;0;0;4;3560;0;1914;1945;903 22nd Ave E;Seattle;WA 98112;USA;Tidak Layak
1340000.0;3.0;3.0;2960;5500;2.0;0;2;3;2440;520;1937;1990;3529 W Howe St;Seattle;WA 98199;USA;Layak
500000.0;3.0;2.5;1940;37565;1.0;0;0;4;1940;0;1987;0;20821 SE 135th St;Issaquah;WA 98027;USA;Tidak Layak
239900.0;3.0;2.0;1410;7566;1.0;0;0;3;1410;0;1985;0;11907 SE 261st Pl;Kent;WA 98030;USA;Tidak Layak
314950.0;3.0;1.0;1040;16986;1.0;0;0;4;1040;0;1968;0;18227 SE 135th St;Renton;WA 98059;USA;Tidak Layak
361280.0;2.0;1.0;820;6400;1.0;0;0;4;820;0;1944;0;5902 37th Ave SW;Seattle;WA 98126;USA;Tidak Layak
100000.0;2.0;1.0;910;22000;1.0;0;0;3;910;0;1956;2001;138 Seattle Blvd S;Algona;WA 98001;USA;Tidak Layak
540000.0;7.0;5.75;3700;7647;2.0;0;1;3;3700;0;1948;1984;15007-15299 37th Ave NE;Lake Forest Park;WA 98155;USA;Layak
480500.0;4.0;2.5;2180;11200;1.0;0;0;4;2180;0;1968;0;18911 NE 165th Pl;Woodinville;WA 98072;USA;Tidak Layak
280000.0;3.0;2.5;1600;4271;2.0;0;0;3;1600;0;2000;0;5146 S 303rd Pl;Auburn;WA 98001;USA;Tidak Layak
440000.0;3.0;1.75;1500;6180;1.0;0;0;4;1060;440;1947;1988;3827 39th Ave S;Seattle;WA 98118;USA;Tidak Layak
530000.0;3.0;1.0;1340;4284;1.0;0;0;3;1080;260;1910;2006;4703-4707 4th Ave NE;Seattle;WA 98105;USA;Tidak Layak
560000.0;3.0;2.0;1860;13374;1.0;0;0;3;1860;0;1985;0;1010 NW Inneswood Dr;Issaquah;WA 98027;USA;Tidak Layak
775000.0;3.0;2.0;2540;7200;1.5;0;3;4;1600;940;1905;0;517 32nd Ave S;Seattle;WA 98144;USA;Layak
160000.0;2.0;1.0;1040;13100;1.0;0;0;5;1040;0;1912;0;733 1st Ave N;Kent;WA 98032;USA;Tidak Layak
209950.0;3.0;1.5;1380;11130;1.0;0;0;3;1380;0;1960;2012;32016 8th Ave S;Federal Way;WA 98003;USA;Tidak Layak
226500.0;3.0;1.75;1640;10762;1.0;0;0;3;1130;510;1988;2000;27000-27080 201st Ave SE;Covington;WA 98042;USA;Tidak Layak
380000.0;5.0;1.75;3000;6000;1.0;0;0;5;1500;1500;1958;0;8514 S 124th St;Seattle;WA 98178;USA;Tidak Layak
409500.0;4.0;2.75;2140;13000;1.0;0;0;3;1320;820;1968;1997;19302 65th Pl NE;Kenmore;WA 98028;USA;Tidak Layak
690000.0;3.0;2.0;1760;6428;1.0;0;0;4;980;780;1942;1982;2145 Condon Way W;Seattle;WA 98199;USA;Tidak Layak
405000.0;3.0;2.25;1660;8307;1.0;0;0;4;1660;0;1961;2001;605 N 178th St;Shoreline;WA 98133;USA;Tidak Layak
375000.0;3.0;2.5;1830;13042;2.0;0;0;3;1830;0;1990;2009;25408 Lake Wilderness Country Club Dr SE;Maple Valley;WA 98038;USA;Tidak Layak
794154.0;4.0;2.0;2210;8556;1.0;0;1;4;1210;1000;1954;1979;3235 30th Ave W;Seattle;WA 98199;USA;Layak
185000.0;4.0;1.0;1490;6600;1.0;0;0;3;1490;0;1969;2010;13248 Occidental Ave S;Burien;WA 98168;USA;Tidak Layak
245000.0;3.0;1.5;1260;1270;2.0;0;0;3;1040;220;2005;0;11304 Corliss Ave N;Seattle;WA 98133;USA;Tidak Layak
1532500.0;5.0;4.5;4270;8076;2.0;0;0;3;3400;870;2007;0;11017 101st Pl NE;Kirkland;WA 98033;USA;Tidak Layak
1040000.0;4.0;3.5;3900;8391;2.0;0;0;3;3900;0;2006;0;10908 101st Pl NE;Kirkland;WA 98033;USA;Tidak Layak
425000.0;2.0;2.5;1150;1027;3.0;0;0;3;1150;0;2008;0;3631 Greenwood Ave N;Seattle;WA 98103;USA;Tidak Layak
495000.0;4.0;2.75;2656;21195;2.0;0;0;3;2656;0;2014;0;31898 50th Pl S;Auburn;WA 98001;USA;Tidak Layak
365000.0;5.0;2.75;2410;5003;1.0;0;0;3;1410;1000;2008;0;7956 46th Ave S;Seattle;WA 98118;USA;Tidak Layak
417250.0;3.0;2.25;1606;1452;3.0;0;0;3;1606;0;2009;0;12303 Sand Point Way NE;Seattle;WA 98125;USA;Tidak Layak
339950.0;2.0;1.0;820;681;3.0;0;0;3;820;0;2006;0;513 N 46th St;Seattle;WA 98103;USA;Tidak Layak
615000.0;2.0;1.0;1540;6872;1.0;0;0;4;820;720;1946;1989;2814 13th Ave W;Seattle;WA 98119;USA;Tidak Layak
403000.0;3.0;2.75;2090;8354;2.0;0;0;3;2090;0;2012;1912;27930 NE 147th Pl;Duvall;WA 98019;USA;Tidak Layak
980000.0;5.0;2.5;3160;11470;1.0;0;0;4;1780;1380;1971;0;7401 92nd Pl SE;Mercer Island;WA 98040;USA;Tidak Layak
258000.0;4.0;1.75;1730;8320;1.0;0;0;3;1230;500;1977;2004;30633 21st Ave SW;Federal Way;WA 98023;USA;Tidak Layak
533000.0;3.0;1.0;1670;4080;1.0;0;0;3;1170;500;1967;2011;544 NE 84th St;Seattle;WA 98115;USA;Tidak Layak
537500.0;4.0;2.5;2550;4630;2.0;0;0;3;2550;0;2005;0;1825 251st Pl SE;Sammamish;WA 98075;USA;Tidak Layak
830000.0;5.0;3.0;3040;9601;1.0;0;0;5;1970;1070;1968;0;5200-5298 90th Ave SE;Mercer Island;WA 98040;USA;Tidak Layak
712000.0;3.0;1.0;1250;4620;1.5;0;0;4;1150;100;1900;1971;3612 Interlake Ave N;Seattle;WA 98103;USA;Tidak Layak
262000.0;4.0;2.5;2020;6236;2.0;0;0;3;2020;0;2002;0;434 Pullman Ave;Algona;WA 98001;USA;Tidak Layak
753888.0;4.0;2.5;2660;5500;2.0;0;2;3;2660;0;2003;0;1669 28th Ave NE;Issaquah;WA 98029;USA;Layak
134000.0;2.0;1.5;980;5000;2.0;0;0;3;980;0;1922;2003;235 Thelma St;Skykomish;WA 98288;USA;Tidak Layak
402000.0;3.0;2.5;1960;8000;1.0;0;0;4;1290;670;1977;0;12207 NE 139th Pl;Kirkland;WA 98034;USA;Tidak Layak
205000.0;2.0;1.0;720;5040;1.0;0;0;3;720;0;1955;2005;8448 Delridge Way SW;Seattle;WA 98106;USA;Tidak Layak
553650.0;2.0;2.5;1360;1349;2.0;0;0;3;1050;310;1997;0;624 Lake Washington Blvd E;Seattle;WA 98112;USA;Tidak Layak
559950.0;2.0;2.0;1870;4950;1.0;0;0;3;1870;0;2006;0;23733 NE Salal Pl;Redmond;WA 98053;USA;Tidak Layak
260000.0;4.0;1.5;2130;8800;1.0;0;0;3;1100;1030;1962;2003;24345 35th Pl S;Kent;WA 98032;USA;Tidak Layak
270000.0;4.0;2.5;1810;6509;2.0;0;0;3;1810;0;1994;0;14816 SE 278th St;Kent;WA 98042;USA;Tidak Layak
295000.0;2.0;1.75;2200;89298;1.0;0;0;3;1100;1100;1973;2013;27469-27501 SE 154th Pl;Issaquah;WA 98027;USA;Tidak Layak
719000.0;3.0;2.5;1690;4500;1.5;0;1;4;1690;0;1928;0;4022 SW Walker St;Seattle;WA 98116;USA;Layak
266000.0;3.0;2.5;1940;8547;1.0;0;0;3;1460;480;1989;0;28123 123rd Pl SE;Kent;WA 98030;USA;Tidak Layak
325900.0;4.0;2.5;2320;6270;2.0;0;0;3;2320;0;2004;2003;15020 SE 281st St;Kent;WA 98042;USA;Tidak Layak
647500.0;4.0;1.75;2060;26036;1.0;0;0;4;1160;900;1947;1988;17622 12th Ave SW;Normandy Park;WA 98166;USA;Tidak Layak
1039000.0;4.0;1.0;3410;5000;2.0;0;0;5;2190;1220;1910;0;2509 33rd Ave S;Seattle;WA 98144;USA;Tidak Layak
569000.0;4.0;2.25;2250;41688;2.0;0;0;3;2250;0;1980;0;7304 217th Pl NE;Redmond;WA 98053;USA;Tidak Layak
246000.0;3.0;1.75;1390;7399;1.0;0;0;4;1390;0;1975;0;11921 SE 205th St;Kent;WA 98031;USA;Tidak Layak
515000.0;2.0;1.0;1060;4960;1.0;0;0;3;1060;0;1926;2003;8230 Corliss Ave N;Seattle;WA 98103;USA;Tidak Layak
207000.0;3.0;1.0;1490;8995;1.0;0;0;4;1490;0;1954;1979;12612 23rd Ave S;Seattle;WA 98168;USA;Tidak Layak
780000.0;4.0;1.75;2480;9195;1.0;0;0;3;1390;1090;1950;2005;3002 109th Ave SE;Bellevue;WA 98004;USA;Tidak Layak
489990.0;5.0;2.25;2440;20828;1.5;0;0;4;2440;0;1975;0;13711 SE 251 Pl;Kent;WA 98042;USA;Tidak Layak
335000.0;3.0;1.5;2240;87625;1.5;0;0;2;1480;760;1980;0;18748 SE 330th St;Auburn;WA 98092;USA;Tidak Layak
295000.0;3.0;2.5;1920;7229;2.0;0;0;3;1920;0;1993;0;1914 S 375th St;Federal Way;WA 98003;USA;Tidak Layak
385000.0;3.0;1.75;1890;9920;1.0;0;0;3;1230;660;1944;0;14317 22nd Ave NE;Seattle;WA 98125;USA;Tidak Layak
350000.0;4.0;1.75;2250;13515;1.0;0;0;4;2150;100;1940;2001;468 Scenic Way;Kent;WA 98030;USA;Tidak Layak
235000.0;2.0;1.0;1270;3008;1.0;0;0;4;650;620;1923;0;4305 S Webster St;Seattle;WA 98118;USA;Tidak Layak
358000.0;2.0;1.5;960;1808;2.0;0;0;3;960;0;1993;0;1816 26th Ave;Seattle;WA 98122;USA;Tidak Layak
716500.0;4.0;2.5;3290;6465;2.0;0;0;3;3290;0;2002;0;1031 272nd Pl SE;Sammamish;WA 98075;USA;Tidak Layak
228000.0;4.0;1.75;2000;6120;1.0;0;0;3;1100;900;1965;1993;5933 S Eastwood Dr;Seattle;WA 98178;USA;Tidak Layak
405000.0;2.0;1.0;1020;8155;1.0;0;0;4;1020;0;1948;0;13221 3rd Ave NW;Seattle;WA 98177;USA;Tidak Layak
538000.0;4.0;1.75;1840;9600;1.0;0;0;3;1220;620;1967;2011;5524 161st Pl NE;Redmond;WA 98052;USA;Tidak Layak
530000.0;3.0;1.75;1980;6760;1.0;0;0;4;1980;0;1973;0;3220 170th Ave NE;Bellevue;WA 98008;USA;Tidak Layak
1750000.0;6.0;3.0;3510;5760;2.5;0;0;4;3510;0;1906;1990;806 15th Ave E;Seattle;WA 98112;USA;Tidak Layak
636000.0;2.0;1.75;1230;3600;1.5;0;0;5;1230;0;1925;0;2561 3rd Ave W;Seattle;WA 98119;USA;Tidak Layak
535000.0;4.0;2.5;2280;65836;2.0;0;0;3;2280;0;2004;2003;13812 196th Ave NE;Woodinville;WA 98077;USA;Tidak Layak
1500000.0;3.0;1.75;2430;12757;1.0;0;2;4;1340;1090;1952;0;9842 Vineyard Crest;Bellevue;WA 98004;USA;Layak
868500.0;3.0;2.5;2920;3942;3.0;0;0;3;2920;0;2008;0;1012 N 42nd Pl;Renton;WA 98056;USA;Tidak Layak
530000.0;4.0;2.75;2280;2850;1.5;0;0;4;1540;740;1930;0;8013 20th Ave NE;Seattle;WA 98115;USA;Tidak Layak
450000.0;3.0;2.0;1510;43560;1.0;0;0;3;1510;0;1954;2005;13611 Bear Creek Rd NE;Woodinville;WA 98077;USA;Tidak Layak
230000.0;3.0;1.75;950;6000;1.0;0;0;3;790;160;1939;1969;1237 S Sullivan St;Seattle;WA 98108;USA;Tidak Layak
229000.0;3.0;2.5;1190;3000;2.0;0;0;3;1190;0;2002;0;12227 47th Ave S;Tukwila;WA 98178;USA;Tidak Layak
437000.0;3.0;1.75;1310;9282;1.0;0;0;4;1310;0;1976;1992;17128 NE 92nd St;Redmond;WA 98052;USA;Tidak Layak
1307000.0;5.0;3.25;2800;3200;1.5;0;0;5;1910;890;1932;2002;365 Halladay St;Seattle;WA 98109;USA;Tidak Layak
595000.0;3.0;2.5;1750;3354;2.0;0;0;4;1750;0;1991;0;10621 NE 107th Pl;Kirkland;WA 98033;USA;Tidak Layak
660000.0;3.0;1.75;1320;5750;1.5;0;0;5;1320;0;1918;0;2121 46th Ave SW;Seattle;WA 98116;USA;Tidak Layak
347500.0;4.0;2.5;2460;7350;2.0;0;0;3;2460;0;1989;0;32817 10th Pl SW;Federal Way;WA 98023;USA;Tidak Layak
297950.0;3.0;2.0;1240;10800;1.0;0;0;3;1240;0;1967;2010;17109 139th Pl SE;Renton;WA 98058;USA;Tidak Layak
245000.0;3.0;1.5;1260;7964;1.0;0;0;4;1260;0;1955;2009;168 S 192nd Pl;Des Moines;WA 98148;USA;Tidak Layak
543200.0;6.0;2.25;2820;15600;1.5;0;2;5;1970;850;1940;0;15451 22nd Ave SW;Burien;WA 98166;USA;Layak
1250000.0;4.0;3.25;3820;24166;2.0;0;1;4;3310;510;1990;0;8565 E Mercer Way;Mercer Island;WA 98040;USA;Layak
413450.0;3.0;2.5;1540;1614;3.0;0;0;3;1470;70;2008;0;9202A Interlake Ave N;Seattle;WA 98103;USA;Tidak Layak
330000.0;2.0;2.0;1550;435600;1.5;0;0;2;1550;0;1972;0;36521 SE 94th St;Snoqualmie;WA 98065;USA;Tidak Layak
424500.0;3.0;1.75;1460;7700;1.0;0;0;3;1460;0;1979;2014;15917 NE 109th Way;Redmond;WA 98052;USA;Tidak Layak
230000.0;3.0;1.0;1390;16000;1.0;0;0;4;1390;0;1960;2001;322 9th Ave N;Algona;WA 98001;USA;Tidak Layak
930000.0;3.0;3.25;2640;4080;2.0;0;0;3;1840;800;1912;2000;4714 Thackeray Pl NE;Seattle;WA 98105;USA;Tidak Layak
349000.0;3.0;1.75;1590;9620;1.0;0;0;3;1590;0;1988;2000;4924 SE 2nd Pl;Renton;WA 98059;USA;Tidak Layak
835000.0;4.0;2.0;1910;6960;1.5;0;0;5;1910;0;1941;0;744 N 83rd St;Seattle;WA 98103;USA;Tidak Layak
988500.0;3.0;2.75;2015;16807;2.0;1;4;3;2015;0;2007;0;2973-3563 SW 172nd St;Burien;WA 98166;USA;Layak
500000.0;3.0;1.75;1410;1197;3.0;0;0;3;1410;0;2012;1912;4010 Linden Ave N;Seattle;WA 98103;USA;Tidak Layak
499000.0;2.0;1.5;1110;957;2.0;0;0;3;930;180;2005;0;1417 4th Ave W;Seattle;WA 98119;USA;Tidak Layak
321950.0;2.0;1.25;860;1277;2.0;0;0;3;860;0;2007;0;2113 15th Ave S;Seattle;WA 98144;USA;Tidak Layak
494000.0;3.0;2.5;2310;4729;2.0;0;0;3;2310;0;2011;0;7630 Todd Pl;Kenmore;WA 98028;USA;Tidak Layak
441750.0;2.0;1.5;1020;1060;3.0;0;0;3;1020;0;2008;0;743 N 71st St;Seattle;WA 98103;USA;Tidak Layak
438000.0;2.0;1.0;980;1179;2.0;0;0;3;980;0;2010;0;2050 14th Ave W;Seattle;WA 98119;USA;Tidak Layak
985000.0;4.0;2.25;4230;37769;2.0;0;0;3;4230;0;1989;0;19505 NE 143rd St;Woodinville;WA 98077;USA;Tidak Layak
352000.0;3.0;2.25;1640;11050;1.0;0;0;4;1640;0;1972;0;14513-14521 164th Pl SE;Renton;WA 98059;USA;Tidak Layak
839900.0;4.0;3.5;3810;13592;1.0;0;1;3;2560;1250;2013;1923;2411 Meadow Ave N;Renton;WA 98056;USA;Layak
765000.0;4.0;2.75;2790;10819;2.0;0;0;3;2790;0;1996;0;19490 SE 57th Pl;Issaquah;WA 98027;USA;Tidak Layak
460000.0;4.0;1.75;1750;5500;1.5;0;0;5;1050;700;1926;0;7021 24th Ave NW;Seattle;WA 98117;USA;Tidak Layak
224500.0;4.0;1.0;1430;8355;1.5;0;0;4;1430;0;1983;0;31714 125th Pl SE;Auburn;WA 98092;USA;Tidak Layak
254000.0;3.0;2.5;1850;4597;2.0;0;0;3;1850;0;2003;0;15407 SE 252nd Pl;Covington;WA 98042;USA;Tidak Layak
255000.0;2.0;1.0;960;28717;1.0;0;0;4;960;0;1984;0;29805-29821 129th Pl SW;Vashon;WA 98070;USA;Tidak Layak
610000.0;3.0;3.0;2480;45302;1.0;0;0;4;1620;860;1976;1992;19707 NE 181st St;Woodinville;WA 98077;USA;Tidak Layak
920000.0;4.0;3.0;3750;11025;2.0;0;0;3;3750;0;1976;0;3005 211th Ave NE;Sammamish;WA 98074;USA;Tidak Layak
402500.0;4.0;2.5;2600;11951;2.0;0;0;3;2600;0;1988;2000;33134 3rd Ct SW;Federal Way;WA 98023;USA;Tidak Layak
